{
    "x": -0.33000001311302187,
    "y": 0.49300000071525576,
    "z": -0.10199999809265137
}